<?xml version="1.0" encoding="UTF-8" ?>
<!DOCTYPE mapper
PUBLIC "-//mybatis.org//DTD Mapper 3.0//EN"
"http://mybatis.org/dtd/mybatis-3-mapper.dtd">
<mapper namespace="grade">
 
 	<!-- 고객등급 입력 -->
	<insert id = "grade_insert" parameterType = "String">
		insert into grade values( #{m_id}, 'bronze', null, null, null, sysdate)
	</insert>
	
	<select id = "grade_list" resultType = "grade">
		select * from grade order by m_id asc
	</select>
	
	<select id = "grade_one" parameterType = "String" resultType = "grade">
		select * from grade where m_id = #{ m_id }
	</select>
	
	<!-- 상품 주문시 등급 테이블 수정 -->
	<update id = "grade_update" parameterType = "grade">
		update grade set g_count = #{ g_count }, g_price = #{ g_price }, g_recdate = sysdate where m_id = #{ m_id }
	</update>
	
	<!-- 회원 정보에서 등급 수정 -->
	<update id = "g_grade_update" parameterType = "grade">
		update grade set g_grade = #{ g_grade } where m_id = #{ m_id }
	</update>
	
 
</mapper>












