<?xml version="1.0" encoding="UTF-8" ?>
<!DOCTYPE mapper
PUBLIC "-//mybatis.org//DTD Mapper 3.0//EN"
"http://mybatis.org/dtd/mybatis-3-mapper.dtd">
<mapper namespace="member">

	<!-- 회원 전체 조회 -->
	<select id = "member_list" resultType = "member">
		select * from member order by m_id asc
	</select>
	
	<!-- 회원 정보 1건 조회(아아디) -->
	<select id = "member_one" parameterType = "String" resultType = "member">
		select * from member where m_id = #{ m_id }	
	</select>
	
	<!-- 회원 가입 -->
	<insert id = "member_insert" parameterType = "vo.MemberVo">
		insert into member values( #{m_id}, #{ m_name }, #{ m_pwd }, #{ m_birth }, #{ m_email }, #{ m_tel }, #{ m_age }, #{ m_gender }, #{ m_zipcode }, #{ m_addr }, '일반' )
	</insert>
	
	<!-- 회원 정보 수정 -->
	<update id = "member_update" parameterType = "member">
		update member set m_email = #{m_email}, m_tel = #{m_tel}, m_age = #{m_age}, m_addr = #{m_addr} where m_id = #{m_id}
	</update>
	
</mapper>












