<?xml version="1.0" encoding="UTF-8" ?>
<!DOCTYPE mapper
PUBLIC "-//mybatis.org//DTD Mapper 3.0//EN"
"http://mybatis.org/dtd/mybatis-3-mapper.dtd">
<mapper namespace="product">
	
	<!-- 상품 등록 -->
	<insert id = "product_insert" parameterType = "vo.ProductVo">
		insert into product values( seq_product_idx.nextVal, #{ p_name }, #{ p_bKind }, #{ p_sKind }, #{ p_price }, sysdate, #{ p_filename }, #{ p_explain })
	</insert>
	
	<!-- 상품 조건 조회 -->
	<select id = "product_condition_list" resultType = "product" parameterType="Map">
		
		select *
		from(
				select
					rank() over(order by p_idx asc) as no,
					b.*
				from(
					select * from product 
					<trim prefix = "where" prefixOverrides = "or">
						<if test = "search_text != null">
							p_name like '%' || #{ search_text } || '%'
						</if>
						<if test = "p_sKind != null">
							or p_sKind like '%' || #{ p_sKind } || '%'
						</if>
						<if test = "p_bKind != null">
							or p_bKind like '%' || #{ p_bKind } || '%'
						</if>		
					</trim>
					) b
			)
		where no between #{start} and #{end}
	</select>
	
	<!-- 상품 일련번호로 하나 조회 -->
	<select id = "product_one" resultType = "product" parameterType = "Integer">
		select * from product where p_idx = #{ p_idx }
	</select>
	
	<!-- 모든 상품 조회 -->
	<select id = "product_list" parameterType = "java.util.Map" resultType = "product">
		select * 
		from product	
		where p_idx between #{ start } and #{ end } 
	</select>
	
	<!-- 검색 조건에 맞는 행(데이터) 수 -->
	<select id = "product_row_total" resultType = "int" parameterType="Map">
		select nvl(count(*), 0) from product
		<trim prefix = "where" prefixOverrides = "or">
			<if test = "search_text != null">
				p_name like '%' || #{ search_text } || '%'
			</if>
			<if test = "p_sKind != null">
				or p_sKind like '%' || #{ p_sKind } || '%'
			</if>
			<if test = "p_bKind != null">
				or p_bKind like '%' || #{ p_bKind } || '%'
			</if>		
		</trim>
	</select>
 
</mapper>












