<?xml version="1.0" encoding="UTF-8" ?>
<!DOCTYPE mapper
PUBLIC "-//mybatis.org//DTD Mapper 3.0//EN"
"http://mybatis.org/dtd/mybatis-3-mapper.dtd">
<mapper namespace="stock">
	
	<!-- 재고 조회 -->
	<select id = "stock_list" resultType = "vo.StockVo">
		select * from stock
	</select>
	
	<!-- 재고 상품 하나 조회 -->
	<select id = "stock_one" parameterType = "String" resultType = "vo.StockVo">
		select * from stock where p_name = #{ p_name }
	</select>
 
 	<!-- 재고 입력 -->
	<insert id = "stock_insert" parameterType = "vo.InStockVo">
		insert into stock values(seq_stock_idx.nextVal, #{ p_name }, #{ i_count }, sysdate)
	</insert>
	
	<!-- 재고 수정 -->
	<update id = "stock_update" parameterType = "vo.StockVo">
		update stock set s_count = #{ s_count } where p_name = #{ p_name }
	</update>
 
</mapper>












